val_image,train_image,hash_dist,nrmse,ssim
RipDetSeg-n1wuzxgee4ox.jpg,RipDetSeg-craonzs9jmej.jpg,0,0.1418518946723551,0.8912800775280425
RipDetSeg-bwbq9dcrbyjn.jpg,RipDetSeg-18jh1mmmfeos.jpg,0,0.04276977518454959,0.979752810825916
RipDetSeg-bwhe0cbvtg76.jpg,RipDetSeg-kuds7iom9sk0.jpg,0,0.07546616364302398,0.9423039321548801
RipDetSeg-bwhky28mffuu.jpg,RipDetSeg-nf8jdsjk2v45.jpg,0,0.06893813984307982,0.9504432433211416
RipDetSeg-bwm6hibb6hlw.jpg,RipDetSeg-5f7bwf90u19m.jpg,0,0.030773372561484227,0.9806202353790752
RipDetSeg-tbk1nf5ffj10.jpg,RipDetSeg-2q0n85lk6xxs.jpg,0,0.14472573796262797,0.7784534984226867
RipDetSeg-tbh5zav59odp.jpg,RipDetSeg-hskss1jo1yd1.jpg,0,0.04932403698141464,0.9730251297920978
RipDetSeg-nzy8d2esgam2.jpg,RipDetSeg-12j9xzvtgfxp.jpg,0,0.04531632690590489,0.9587411964864719
RipDetSeg-bz2au37tvz9w.jpg,RipDetSeg-37p8rs5k0st4.jpg,0,0.06029570164082854,0.9598453735935952
RipDetSeg-tasldrexlihv.jpg,RipDetSeg-ke4wf2j86id6.jpg,0,0.09034421679401997,0.8968739831272158
RipDetSeg-c0jnxls3zgyu.jpg,RipDetSeg-3i1zy833ipts.jpg,0,0.07153997306159483,0.9461003382757716
RipDetSeg-c0o8txbwhcds.jpg,RipDetSeg-471bnabl9wfi.jpg,0,0.09339557236294124,0.9437750318577964
RipDetSeg-taci93jpivvd.jpg,RipDetSeg-4x4l2s2afjr1.jpg,0,0.1195143409892124,0.8381528224890348
RipDetSeg-c1086pf2rh1l.jpg,RipDetSeg-1scseymyk40i.jpg,0,0.02290860146461618,0.9876049980425312
RipDetSeg-ta56bhl5yju6.jpg,RipDetSeg-ks0e5wn5d2w6.jpg,0,0.046069874961723635,0.9764266029498385
RipDetSeg-bzuvrtd9fou8.jpg,RipDetSeg-qdhszn71tj2b.jpg,0,0.06276457428187734,0.9479001655113344
RipDetSeg-buu588q0jbh5.jpg,RipDetSeg-8ht5gaq4igr6.jpg,0,0.06863734582684897,0.9458183309508937
RipDetSeg-kwa8197fegve.jpg,RipDetSeg-33nk6c2of2xx.jpg,0,0.07706854450751519,0.9326750152784042
RipDetSeg-nzmk3u03b4g4.jpg,RipDetSeg-0krbecl46py1.jpg,0,0.08701175109150983,0.9056773765775913
RipDetSeg-kxsxihlcihms.jpg,RipDetSeg-nrydrpa30kb8.jpg,0,0.06884779660670107,0.9490814116487278
RipDetSeg-boga8nmaupvt.jpg,RipDetSeg-tjygsrfbmgnh.jpg,0,0.07579395252729261,0.9096269651437173
RipDetSeg-thazamdsbju0.jpg,RipDetSeg-urq78li4ij4o.jpg,0,0.07915918929385639,0.92995714797923
RipDetSeg-tgqjgfmj3mrf.jpg,RipDetSeg-crnorfaxa1ot.jpg,0,0.048103144050680856,0.973492772869908
RipDetSeg-bos98mz4jo13.jpg,RipDetSeg-go6ms1s1jce5.jpg,0,0.2598844863220326,0.8560007716252002
RipDetSeg-box6ma1h8005.jpg,RipDetSeg-rgajq8a8ul32.jpg,0,0.07538283338750638,0.9372891419770987
RipDetSeg-boxnt6ihk14x.jpg,RipDetSeg-h4rb2yn66vnj.jpg,0,0.05553071331553864,0.9449375345783704
RipDetSeg-tg45yb11rufy.jpg,RipDetSeg-lcdrefj5sp2o.jpg,0,0.06734344259533276,0.9444052102591024
RipDetSeg-bqcovlvkw71q.jpg,RipDetSeg-f37yppfdnigt.jpg,0,0.0740849272977743,0.7838679275062531
RipDetSeg-tfpuo8zo2mx7.jpg,RipDetSeg-3jug3lggo1x1.jpg,0,0.09793999651514974,0.884040114892164
RipDetSeg-kwns8tzew72y.jpg,RipDetSeg-xh6a7i19awi9.jpg,0,0.05406366186278321,0.9473741680568774
RipDetSeg-terkzuhv7an3.jpg,RipDetSeg-cx6w5nucskf5.jpg,0,0.05414987465754949,0.9678487590944063
RipDetSeg-bsayyjnwr0yy.jpg,RipDetSeg-4jko4kj0fkg9.jpg,0,0.051912102737997304,0.9717674074781206
RipDetSeg-bsik3tw6q3rx.jpg,RipDetSeg-3tngohsbnvpx.jpg,0,0.08082517510224926,0.9291816413557507
RipDetSeg-teg8qs5ksowb.jpg,RipDetSeg-0e88glyi46yi.jpg,0,0.05099262303717785,0.9352301880501094
RipDetSeg-o1mr8djnggp6.jpg,RipDetSeg-8w5quiikfdpc.jpg,0,0.12157662815932897,0.7826785989940572
RipDetSeg-bntdueir7qk5.jpg,RipDetSeg-iiwf5mdtps89.jpg,0,0.04845749922762602,0.9629737805111388
RipDetSeg-ktzruk5h1127.jpg,RipDetSeg-8h46y7zyfk6a.jpg,0,0.042539552617956784,0.9798785640290413
RipDetSeg-t8i4fq784r75.jpg,RipDetSeg-gbv4mjdnl1nk.jpg,0,0.07566836018668399,0.9134663799254363
RipDetSeg-t3wakv4ned3z.jpg,RipDetSeg-7npgs85w40gb.jpg,0,0.08083605161244078,0.9172571116316869
RipDetSeg-t3fign6mwa0p.jpg,RipDetSeg-ary5spi19cba.jpg,0,0.06819344537858461,0.9483734917400531
RipDetSeg-caf55cfz5mti.jpg,RipDetSeg-1eum56lqhl7w.jpg,0,0.05239328906448437,0.9697703023867593
RipDetSeg-t2rpn89o2vju.jpg,RipDetSeg-31tzm5dsz74i.jpg,0,0.11147114163112586,0.8901290967419925
RipDetSeg-t2ib6v83rgm2.jpg,RipDetSeg-ykii0dal5r4e.jpg,0,0.04530591479031877,0.976185031178919
RipDetSeg-cc3f625t3li9.jpg,RipDetSeg-cdz1hsf0ox6r.jpg,0,0.03558918069512955,0.9693447484738432
RipDetSeg-t4cuhvc855x8.jpg,RipDetSeg-0qvdh9xn08jr.jpg,0,0.05435025273092895,0.9551999171146144
RipDetSeg-ccaq25hfv6rg.jpg,RipDetSeg-5jv6ggz4yzyx.jpg,0,0.04777080506257617,0.967629369303355
RipDetSeg-ccujbi2m7ajp.jpg,RipDetSeg-0xk4rsilazck.jpg,0,0.033030854157724845,0.9871774185896025
RipDetSeg-ksgy8odc4oiz.jpg,RipDetSeg-kubyrzzifuxi.jpg,0,0.045577620143672275,0.944889781317259
RipDetSeg-t0ubkt85rvxj.jpg,RipDetSeg-igy8ekkw7m7m.jpg,0,0.12077552508928321,0.8969431415947238
RipDetSeg-t0aeidwkam97.jpg,RipDetSeg-0mx78qbs0iwq.jpg,0,0.09467724385494027,0.9030265950002028
RipDetSeg-szwu35vdik92.jpg,RipDetSeg-hikk08ah5cby.jpg,0,0.04277258971412553,0.979489897095603
RipDetSeg-szof1crr6li8.jpg,RipDetSeg-wowk3uyouwtv.jpg,0,0.05553855580171794,0.9662966286616899
RipDetSeg-t2cn6cto415k.jpg,RipDetSeg-84c953grmvr9.jpg,0,0.05254980294902748,0.9603028685258558
RipDetSeg-t4nh7dc98fub.jpg,RipDetSeg-20aee4p2iq8e.jpg,0,0.06967482990016327,0.9243708654158678
RipDetSeg-c79pjhm23lrv.jpg,RipDetSeg-9r1gvnfahddk.jpg,0,0.0893636090774755,0.9357955923995267
RipDetSeg-t538tqog3a9i.jpg,RipDetSeg-407kv9980pvt.jpg,0,0.057909805453483225,0.9235961852630079
RipDetSeg-o2fsrdmsm89n.jpg,RipDetSeg-0ims9uk0g3t2.jpg,0,0.07120259034588072,0.925233404319587
RipDetSeg-t86hdkuwmw14.jpg,RipDetSeg-l2xnh7zqfc4f.jpg,0,0.1173950088318406,0.9062648183692823
RipDetSeg-t80pbdk9qvvu.jpg,RipDetSeg-9itsqji8lrvg.jpg,0,0.06723611189630468,0.949560401367338
RipDetSeg-t7v0f4s79488.jpg,RipDetSeg-afvft5vhcdue.jpg,0,0.08780873498525468,0.9188005297848444
